[
    {
        "id": 1,
        "title": "Em Huy\u1ec1n BJ d\u1ea1o",
        "category": "hot",
        "views": 40,
        "thumbnail": "",
        "embed_url": "https:\/\/phim.phe69.net\/clip-sex-deerlong-mac-lot-khe-ren-trang-goi-cam-bi-ban-trai-dap-manh-bao-xuat-tinh-trong.mp4",
        "description": ""
    },
    {
        "id": 2,
        "title": "Em g\u00e1i th\u00edch \u1ea1",
        "category": "hot",
        "views": 597,
        "thumbnail": "uploads\/thumbnails\/6777ef2dc5e33_A\u0309nh ma\u0300n hi\u0300nh 2025-01-03 lu\u0301c 03.31.48.png",
        "embed_url": "https:\/\/phim.phe69.net\/clip-sex-deerlong-mac-lot-khe-ren-trang-goi-cam-bi-ban-trai-dap-manh-bao-xuat-tinh-trong.mp4",
        "description": ""
    },
    {
        "id": 1,
        "title": "Em Huy\u1ec1n BJ d\u1ea1o",
        "category": "hot",
        "views": 40,
        "thumbnail": "https:\/\/example.com\/thumb1.jpg",
        "embed_url": "https:\/\/phim.phe69.net\/clip-sex-deerlong-mac-lot-khe-ren-trang-goi-cam-bi-ban-trai-dap-manh-bao-xuat-tinh-trong.mp4",
        "description": "M\u1ed9t b\u1ed9 phim h\u1ea5p d\u1eabn d\u00e0nh cho b\u1ea1n!"
    },
    {
        "id": 1,
        "title": "Em Huy\u1ec1n BJ d\u1ea1o",
        "category": "hot",
        "views": 40,
        "thumbnail": "https:\/\/example.com\/thumb1.jpg",
        "embed_url": "https:\/\/phim.phe69.net\/clip-sex-deerlong-mac-lot-khe-ren-trang-goi-cam-bi-ban-trai-dap-manh-bao-xuat-tinh-trong.mp4",
        "description": "M\u1ed9t b\u1ed9 phim h\u1ea5p d\u1eabn d\u00e0nh cho b\u1ea1n!"
    },
    {
        "id": 1,
        "title": "Em Huy\u1ec1n BJ d\u1ea1o",
        "category": "hot",
        "views": 40,
        "thumbnail": "https:\/\/example.com\/thumb1.jpg",
        "embed_url": "https:\/\/phim.phe69.net\/clip-sex-deerlong-mac-lot-khe-ren-trang-goi-cam-bi-ban-trai-dap-manh-bao-xuat-tinh-trong.mp4",
        "description": "M\u1ed9t b\u1ed9 phim h\u1ea5p d\u1eabn d\u00e0nh cho b\u1ea1n!"
    },
    {
        "id": 1,
        "title": "Em Huy\u1ec1n BJ d\u1ea1o",
        "category": "hot",
        "views": 40,
        "thumbnail": "https:\/\/example.com\/thumb1.jpg",
        "embed_url": "https:\/\/phim.phe69.net\/clip-sex-deerlong-mac-lot-khe-ren-trang-goi-cam-bi-ban-trai-dap-manh-bao-xuat-tinh-trong.mp4",
        "description": "M\u1ed9t b\u1ed9 phim h\u1ea5p d\u1eabn d\u00e0nh cho b\u1ea1n!"
    },
    {
        "id": 1,
        "title": "Em Huy\u1ec1n BJ d\u1ea1o",
        "category": "hot",
        "views": 40,
        "thumbnail": "https:\/\/example.com\/thumb1.jpg",
        "embed_url": "https:\/\/phim.phe69.net\/clip-sex-deerlong-mac-lot-khe-ren-trang-goi-cam-bi-ban-trai-dap-manh-bao-xuat-tinh-trong.mp4",
        "description": "M\u1ed9t b\u1ed9 phim h\u1ea5p d\u1eabn d\u00e0nh cho b\u1ea1n!"
    }
]